"Joule_calculated","subject","browser","fcp","V1","type","joule_normalized","fcp_normalized","payload_normalized"
1043.07588,"http-192-168-40-1-batterystats-dailymail-dailymail-full","chrome",2554.1,14271,"full",1.917388961028,0.743122683669095,2.25594502801315
972.39168,"http-192-168-40-1-batterystats-dailymail-dailymail-full","chrome",1630.2,13989,"full",1.75011132655753,-0.0859810498242756,2.1509330874603
913.49388,"http-192-168-40-1-batterystats-dailymail-dailymail-full","chrome",2367.9,12210,"full",1.60116213215244,0.575704675100676,1.58501483835917
959.22432,"http-192-168-40-1-batterystats-dailymail-dailymail-full","chrome",1587.2,11740,"full",1.71761024475118,-0.208056073077933,1.34189627528955
833.36112,"http-192-168-40-1-batterystats-dailymail-dailymail-full","chrome",1388.1,11970,"full",1.38229967460362,-0.631401894239761,1.46620446492241
1038.5604,"http-192-168-40-1-batterystats-dailymail-dailymail-full","opera",1426.4,12159,"full",1.90704676030217,-0.5217393083884,1.53789588312821
1010.67408,"http-192-168-40-1-batterystats-dailymail-dailymail-full","opera",1200.2,13844,"full",1.84216246946562,-0.913249926683609,2.10622070795391
547.19928,"http-192-168-40-1-batterystats-dailymail-dailymail-full","opera",1200.9,10903,"full",0.379514372802329,-0.906228700757338,1.02852336955382
933.444,"http-192-168-40-1-batterystats-dailymail-dailymail-full","opera",3409.4,19505,"full",1.65266403411445,1.69150318112383,3.11301726340869
843.83424,"http-192-168-40-1-batterystats-dailymail-dailymail-full","opera",1148.9,10837,"full",1.41207189125368,-1.05649802925668,0.993697068479259
417.39516,"http-192-168-40-1-batterystats-dailymail-dailymail-noads","chrome",1621.9,11822,"noads",-0.265988937975699,-0.113972921245212,1.36509809021206
547.19928,"http-192-168-40-1-batterystats-dailymail-dailymail-noads","chrome",1229.4,11665,"noads",0.379514372802329,-0.812217801499913,1.27629331663219
502.37856,"http-192-168-40-1-batterystats-dailymail-dailymail-noads","chrome",1494.1,10924,"noads",0.175790936267691,-0.402879276905268,1.04842151668575
444.70368,"http-192-168-40-1-batterystats-dailymail-dailymail-noads","chrome",1915,12339,"noads",-0.114911829998073,0.23183436245301,1.61849689446641
473.36868,"http-192-168-40-1-batterystats-dailymail-dailymail-noads","chrome",1403.9,11337,"noads",0.0339997927102807,-0.581191922386159,1.21576600012519
544.86792,"http-192-168-40-1-batterystats-dailymail-dailymail-noads","opera",1837.5,15105,"noads",0.369336118063647,0.174959940165732,2.48478518923856
344.83176,"http-192-168-40-1-batterystats-dailymail-dailymail-noads","opera",1125.1,10590,"noads",-0.721251983095534,-1.14139952156726,0.927429261627518
545.7042,"http-192-168-40-1-batterystats-dailymail-dailymail-noads","opera",1053.4,11271,"noads",0.372992150848927,-1.34189627528955,1.15939234340466
390.06432,"http-192-168-40-1-batterystats-dailymail-dailymail-noads","opera",1036.3,10320,"noads",-0.427428604344341,-1.4013443963101,0.851585042182344
502.70976,"http-192-168-40-1-batterystats-dailymail-dailymail-noads","opera",1375.8,11829,"noads",0.177362017588034,-0.65423104549283,1.38299412710064
484.66152,"http-192-168-40-1-batterystats-dailymail-dailymail-noanalytics","chrome",2003,12396,"noanalytics",0.0902024114443951,0.289469362171406,1.65389844754492
470.04012,"http-192-168-40-1-batterystats-dailymail-dailymail-noanalytics","chrome",1681.3,12794,"noanalytics",0.0171780610747298,-0.0046419208824695,1.8465332589292
345.36348,"http-192-168-40-1-batterystats-dailymail-dailymail-noanalytics","chrome",1894.5,12454,"noanalytics",-0.717578968061252,0.222308065187877,1.67240521506176
332.38944,"http-192-168-40-1-batterystats-dailymail-dailymail-noanalytics","chrome",1518.9,15640,"noanalytics",-0.808857449633726,-0.353019163274114,2.60233042765711
344.1168,"http-192-168-40-1-batterystats-dailymail-dailymail-noanalytics","chrome",2264.5,12694,"noanalytics",-0.72619972094894,0.479642695610339,1.82158144452777
838.37412,"http-192-168-40-1-batterystats-dailymail-dailymail-noanalytics","opera",1318.5,12092,"noanalytics",1.39659666433547,-0.712870450382715,1.49396340221936
1070.16876,"http-192-168-40-1-batterystats-dailymail-dailymail-noanalytics","opera",1307.6,11706,"noanalytics",1.97851727339759,-0.730941616531513,1.30839094968963
331.4088,"http-192-168-40-1-batterystats-dailymail-dailymail-noanalytics","opera",1251.1,11367,"noanalytics",-0.815900896767783,-0.79300007724277,1.22554387294917
855.80352,"http-192-168-40-1-batterystats-dailymail-dailymail-noanalytics","opera",1203.1,11716,"noanalytics",1.4456481220594,-0.899251867969512,1.31939516590522
541.66536,"http-192-168-40-1-batterystats-dailymail-dailymail-noanalytics","opera",1206.2,11829,"noanalytics",0.355283146385705,-0.892318535094087,1.38299412710064
457.56864,"http-192-168-40-1-batterystats-theguardian-theguardian-noad","chrome",2312,8069,"noads",-0.0469269117867814,0.5217393083884,0.443495452975006
409.40352,"http-192-168-40-1-batterystats-theguardian-theguardian-noad","chrome",1516.6,4225,"noads",-0.312074172210135,-0.362917295139356,-0.614494072405518
408.24432,"http-192-168-40-1-batterystats-theguardian-theguardian-noad","chrome",2111.1,5357,"noads",-0.318833515093,0.377831790892152,-0.0394664288894916
450.86184,"http-192-168-40-1-batterystats-theguardian-theguardian-noad","chrome",1540.2,3960,"noads",-0.0821270122990791,-0.304022025329353,-0.78665905068543
299.12868,"http-192-168-40-1-batterystats-theguardian-theguardian-noad","chrome",1935.7,4393,"noads",-1.06019629747007,0.255744478392445,-0.511131101334019
417.09492,"http-192-168-40-1-batterystats-theguardian-theguardian-noad","chrome",1746.2,4725,"noads",-0.267704314852942,0.0953031079898535,-0.321082135243233
447.1848,"http-192-168-40-1-batterystats-theguardian-theguardian-noad","chrome",2467.8,5272,"noads",-0.101648558776537,0.689131147209014,-0.0673585125925315
381.2076,"http-192-168-40-1-batterystats-theguardian-theguardian-noad","chrome",2431,4512,"noads",-0.48218015606066,0.625746113747675,-0.446057715883146
439.87104,"http-192-168-40-1-batterystats-theguardian-theguardian-noad","chrome",2356.2,7386,"noads",-0.140959359494347,0.564781749261431,0.284632217294727
397.53504,"http-192-168-40-1-batterystats-theguardian-theguardian-noad","chrome",1686,4993,"noads",-0.382203233456686,0.0116050210127303,-0.208056073077933
502.6032,"http-192-168-40-1-batterystats-theguardian-theguardian-noad","opera",1173.7,7809,"noads",0.176856652216688,-0.993697068479259,0.377831790892152
365.77296,"http-192-168-40-1-batterystats-theguardian-theguardian-noad","opera",1150.3,6593,"noads",-0.580708429529632,-1.04842151668575,0.189118426272792
312.72192,"http-192-168-40-1-batterystats-theguardian-theguardian-noad","opera",1401.6,9644,"noads",-0.954256253823404,-0.592219364812039,0.730941616531513
648.81432,"http-192-168-40-1-batterystats-theguardian-theguardian-noad","opera",1127.4,5871,"noads",0.78556756337296,-1.12376882255426,0.0766664576563184
327.21588,"http-192-168-40-1-batterystats-theguardian-theguardian-noad","opera",1122.6,7767,"noads",-0.846253493195578,-1.15939234340466,0.362917295139356
526.635,"http-192-168-40-1-batterystats-theguardian-theguardian-noad","opera",1186.3,4316,"noads",0.288199399407289,-0.963722271712118,-0.535082815086322
406.75968,"http-192-168-40-1-batterystats-theguardian-theguardian-noad","opera",3658.6,11911,"noads",-0.327518598569303,1.82158144452777,1.41384503483369
587.5632,"http-192-168-40-1-batterystats-theguardian-theguardian-noad","opera",1129.1,4279,"noads",0.549176287760459,-1.11508309544911,-0.581191922386159
411.36192,"http-192-168-40-1-batterystats-theguardian-theguardian-noad","opera",1166.8,6958,"noads",-0.300698022961141,-1.00902433633217,0.217552525271053
350.10144,"http-192-168-40-1-batterystats-theguardian-theguardian-noad","opera",1390.8,7886,"noads",-0.685097586630145,-0.625746113747675,0.397850023804285
1019.56536,"http-192-168-40-1-batterystats-theguardian-theguardian-noanalytics","chrome",1759.2,5096,"noanalytics",1.86304258992131,0.118646333755466,-0.160836442101396
642.01248,"http-192-168-40-1-batterystats-theguardian-theguardian-noanalytics","chrome",1474.2,4188,"noanalytics",0.760444340929617,-0.433275252222885,-0.659991538619561
713.7504,"http-192-168-40-1-batterystats-theguardian-theguardian-noanalytics","chrome",1682.4,4579,"noanalytics",1.01295736431374,0.00232095418990167,-0.407918740945035
512.46864,"http-192-168-40-1-batterystats-theguardian-theguardian-noanalytics","chrome",1553.2,4512,"noanalytics",0.223195573385584,-0.260543656848,-0.446057715883146
870.21648,"http-192-168-40-1-batterystats-theguardian-theguardian-noanalytics","chrome",2052.1,4616,"noanalytics",1.4854616412905,0.318639363964375,-0.382821860240874
611.09496,"http-192-168-40-1-batterystats-theguardian-theguardian-noanalytics","opera",1236.9,5492,"noanalytics",0.642787456803185,-0.802571888059309,-0.00696291258084083
647.36964,"http-192-168-40-1-batterystats-theguardian-theguardian-noanalytics","opera",1156.9,6441,"noanalytics",0.780253605738824,-1.0245923925401,0.160836442101396
740.0646,"http-192-168-40-1-batterystats-theguardian-theguardian-noanalytics","opera",1074.7,5193,"noanalytics",1.09926345700796,-1.24545931165828,-0.109301996681419
309.62304,"http-192-168-40-1-batterystats-theguardian-theguardian-noanalytics","opera",1497.6,8630,"noanalytics",-0.977996670442517,-0.397850023804284,0.553925796740599
599.96016,"http-192-168-40-1-batterystats-theguardian-theguardian-noanalytics","opera",1536.9,7989,"noanalytics",0.598950180404545,-0.308887103416106,0.423100109874425
404.88804,"http-biomedcentral-com-batterystats-biomedcentral-biomedcentral-full","chrome",1481.4,2756,"full",-0.338512899083152,-0.418028984178432,-1.30839094968963
442.54368,"http-biomedcentral-com-batterystats-biomedcentral-biomedcentral-full","chrome",1331.2,3856,"full",-0.126518889134592,-0.706898381869951,-0.838318493952991
353.925,"http-biomedcentral-com-batterystats-biomedcentral-biomedcentral-full","chrome",1557.9,4227,"full",-0.659203841754468,-0.246163646661359,-0.608897181436491
397.98,"http-biomedcentral-com-batterystats-biomedcentral-biomedcentral-full","chrome",2790.3,5039,"full",-0.379536469009117,1.01677756045901,-0.184394857586466
418.9248,"http-biomedcentral-com-batterystats-biomedcentral-biomedcentral-full","chrome",2063.4,2985,"full",-0.257268678265552,0.333325107587732,-1.20610300126827
328.12488,"http-biomedcentral-com-batterystats-biomedcentral-biomedcentral-full","opera",1305.3,4171,"full",-0.839640343310411,-0.737018480316895,-0.683257025248282
358.05564,"http-biomedcentral-com-batterystats-biomedcentral-biomedcentral-full","opera",989.3,3855,"full",-0.631542978606004,-1.69150318112383,-0.844933179293064
360.32832,"http-biomedcentral-com-batterystats-biomedcentral-biomedcentral-full","opera",989.6,2248,"full",-0.616459731845012,-1.67240521506176,-1.53789588312821
286.48944,"http-biomedcentral-com-batterystats-biomedcentral-biomedcentral-full","opera",1022.8,2143,"full",-1.16311274198823,-1.49396340221936,-1.65389844754492
293.9112,"http-biomedcentral-com-batterystats-biomedcentral-biomedcentral-full","opera",935.3,2058,"full",-1.10214311688539,-2.20041058121003,-1.92921881220677
315.03168,"http-biomedcentral-com-batterystats-biomedcentral-biomedcentral-noads","chrome",1695.8,4219,"noads",-0.936713781221362,0.0208900882468884,-0.631401894239761
312.37776,"http-biomedcentral-com-batterystats-biomedcentral-biomedcentral-noads","chrome",2007.7,3025,"noads",-0.956881211736685,0.294313289581477,-1.18710758925629
300.58992,"http-biomedcentral-com-batterystats-biomedcentral-biomedcentral-noads","chrome",1703.8,2500,"noads",-1.04857951424848,0.0394664288894916,-1.38905898362949
328.9176,"http-biomedcentral-com-batterystats-biomedcentral-biomedcentral-noads","chrome",1343.3,2088,"noads",-0.833888090403723,-0.683257025248282,-1.80951926239399
281.88756,"http-biomedcentral-com-batterystats-biomedcentral-biomedcentral-noads","chrome",2157.8,4647,"noads",-1.2017155593967,0.397850023804285,-0.357963845332562
316.0836,"http-biomedcentral-com-batterystats-biomedcentral-biomedcentral-noads","opera",1207.7,2396,"noads",-0.928767102668716,-0.87857891994897,-1.45273877664645
310.06296,"http-biomedcentral-com-batterystats-biomedcentral-biomedcentral-noads","opera",939.5,2101,"noads",-0.974612024538308,-2.10622070795391,-1.77483021375867
306.48384,"http-biomedcentral-com-batterystats-biomedcentral-biomedcentral-noads","opera",1034.5,2132,"noads",-1.0022894832863,-1.42657059945551,-1.67240521506176
238.28832,"http-biomedcentral-com-batterystats-biomedcentral-biomedcentral-noads","opera",1021.5,2056,"noads",-1.60226762511233,-1.50828546562336,-1.95996398454005
237.3408,"http-biomedcentral-com-batterystats-biomedcentral-biomedcentral-noads","opera",1036.1,4131,"noads",-1.61176557976583,-1.41384503483369,-0.724891626082159
415.44972,"http-biomedcentral-com-batterystats-biomedcentral-biomedcentral-noanalytics","chrome",1590.1,2418,"noanalytics",-0.277125898126382,-0.189118426272792,-1.43953147093846
401.87772,"http-biomedcentral-com-batterystats-biomedcentral-biomedcentral-noanalytics","chrome",3001,4168,"noanalytics",-0.356303036148683,1.20610300126827,-0.689131147209014
370.1808,"http-biomedcentral-com-batterystats-biomedcentral-biomedcentral-noanalytics","chrome",1502.4,2304,"noanalytics",-0.55215276378969,-0.392830813649729,-1.52292377133927
402.2064,"http-biomedcentral-com-batterystats-biomedcentral-biomedcentral-noanalytics","chrome",3715.6,4192,"noanalytics",-0.354354161613438,1.8726906799231,-0.65423104549283
350.1162,"http-biomedcentral-com-batterystats-biomedcentral-biomedcentral-noanalytics","chrome",2800.3,4152,"noanalytics",-0.684997086888391,1.0324703045108,-0.700951419584212
678.82716,"http-biomedcentral-com-batterystats-biomedcentral-biomedcentral-noanalytics","opera",938.5,4051,"noanalytics",0.893366180785337,-2.1509330874603,-0.767822588675739
297.72432,"http-biomedcentral-com-batterystats-biomedcentral-biomedcentral-noanalytics","opera",922.8,2044,"noanalytics",-1.0714144887362,-2.60233042765711,-1.99268184795863
334.23768,"http-biomedcentral-com-batterystats-biomedcentral-biomedcentral-noanalytics","opera",958.8,3831,"noanalytics",-0.795638773791316,-1.90019596656649,-0.858274800580755
349.0848,"http-biomedcentral-com-batterystats-biomedcentral-biomedcentral-noanalytics","opera",1052.7,2104,"noanalytics",-0.692030028822639,-1.3534061120182,-1.73166439612225
350.10144,"http-biomedcentral-com-batterystats-biomedcentral-biomedcentral-noanalytics","opera",1051.5,2220,"noanalytics",-0.685097586630145,-1.36509809021206,-1.55322089800153
603.56916,"http-geeksforgeeks-org-batterystats-geeksforgeeks-geeksforgeeks-full","chrome",2598.3,5931,"full",0.613247160627138,0.805778858356836,0.099967193960743
791.71416,"http-geeksforgeeks-org-batterystats-geeksforgeeks-geeksforgeeks-full","chrome",2377.9,5116,"full",1.2600865056784,0.586696725427623,-0.151438742677196
687.54528,"http-geeksforgeeks-org-batterystats-geeksforgeeks-geeksforgeeks-full","chrome",2570.3,5892,"full",0.923787117621753,0.774070859505182,0.0906410943041526
630.9792,"http-geeksforgeeks-org-batterystats-geeksforgeeks-geeksforgeeks-full","chrome",3219.1,6393,"full",0.719120296408021,1.47994138903519,0.156135868703289
567.9072,"http-geeksforgeeks-org-batterystats-geeksforgeeks-geeksforgeeks-full","chrome",2834.2,5631,"full",0.468063192761021,1.05649802925668,0.0394664288894916
829.1448,"http-geeksforgeeks-org-batterystats-geeksforgeeks-geeksforgeeks-full","opera",1877.6,5511,"full",1.37020805744998,0.217552525271053,-0.00232095418990181
534.74256,"http-geeksforgeeks-org-batterystats-geeksforgeeks-geeksforgeeks-full","opera",1648.5,4910,"full",0.324619517799475,-0.0487593079736667,-0.255744478392445
816.0588,"http-geeksforgeeks-org-batterystats-geeksforgeeks-geeksforgeeks-full","opera",1680.1,5130,"full",1.3322844615668,-0.0116050210127303,-0.142054399120219
577.51776,"http-geeksforgeeks-org-batterystats-geeksforgeeks-geeksforgeeks-full","opera",1578.8,4448,"full",0.508067337359002,-0.227068637986835,-0.490084544810971
501.2136,"http-geeksforgeeks-org-batterystats-geeksforgeeks-geeksforgeeks-full","opera",1518.2,4746,"full",0.170256587892453,-0.357963845332562,-0.31375950359513
418.43448,"http-geeksforgeeks-org-batterystats-geeksforgeeks-geeksforgeeks-noad","chrome",3969.3,6730,"noads",-0.260060450531909,2.02768318791117,0.208056073077933
469.60992,"http-geeksforgeeks-org-batterystats-geeksforgeeks-geeksforgeeks-noad","chrome",2359.4,4870,"noads",0.0149952471116766,0.570234707771494,-0.260543656848
374.96412,"http-geeksforgeeks-org-batterystats-geeksforgeeks-geeksforgeeks-noad","chrome",2436.1,4584,"noads",-0.521546769070476,0.631401894239761,-0.402879276905268
396.5328,"http-geeksforgeeks-org-batterystats-geeksforgeeks-geeksforgeeks-noad","chrome",2775,5551,"noads",-0.388220875974899,1.00133129752569,0.0162473795380189
403.4448,"http-geeksforgeeks-org-batterystats-geeksforgeeks-geeksforgeeks-noad","chrome",3125.1,5572,"noads",-0.347025472551685,1.4013443963101,0.0255332472823687
391.40352,"http-geeksforgeeks-org-batterystats-geeksforgeeks-geeksforgeeks-noad","opera",1987.8,5727,"noads",-0.419258139972003,0.284632217294727,0.053407276842684
352.83888,"http-geeksforgeeks-org-batterystats-geeksforgeeks-geeksforgeeks-noad","opera",1589.4,4314,"noads",-0.666530660954738,-0.19857834735111,-0.548522282698098
890.92512,"http-geeksforgeeks-org-batterystats-geeksforgeeks-geeksforgeeks-noad","opera",1519.7,4078,"noads",1.54152646319986,-0.345618248847929,-0.761604151539962
437.9832,"http-geeksforgeeks-org-batterystats-geeksforgeeks-geeksforgeeks-noad","opera",1705.3,4310,"noads",-0.151212471985104,0.0487593079736668,-0.553925796740599
424.90944,"http-geeksforgeeks-org-batterystats-geeksforgeeks-geeksforgeeks-noad","opera",1548.1,4111,"noads",-0.223454381777411,-0.279801723117456,-0.743122683669095
337.28148,"http-geeksforgeeks-org-batterystats-geeksforgeeks-geeksforgeeks-noanalytics","chrome",3093.1,4825,"noanalytics",-0.774027908347932,1.36509809021206,-0.289469362171406
535.98024,"http-geeksforgeeks-org-batterystats-geeksforgeeks-geeksforgeeks-noanalytics","chrome",2450.1,3934,"noanalytics",0.330130692339157,0.665774016222946,-0.799373150774883
364.9968,"http-geeksforgeeks-org-batterystats-geeksforgeeks-geeksforgeeks-noanalytics","chrome",2738.7,4389,"noanalytics",-0.585772300530367,0.956362964763013,-0.516427940352797
308.9592,"http-geeksforgeeks-org-batterystats-geeksforgeeks-geeksforgeeks-noanalytics","chrome",2256.1,3447,"noanalytics",-0.98311322105515,0.458913482692844,-1.00902433633217
397.97856,"http-geeksforgeeks-org-batterystats-geeksforgeeks-geeksforgeeks-noanalytics","chrome",2080.8,3377,"noanalytics",-0.379545094504968,0.34808309750652,-1.0324703045108
350.70228,"http-geeksforgeeks-org-batterystats-geeksforgeeks-geeksforgeeks-noanalytics","opera",2903.2,5033,"noanalytics",-0.68100993210126,1.11508309544911,-0.189118426272792
337.15584,"http-geeksforgeeks-org-batterystats-geeksforgeeks-geeksforgeeks-noanalytics","opera",1561.6,2510,"noanalytics",-0.774916081899441,-0.241381745822447,-1.36509809021206
319.74516,"http-geeksforgeeks-org-batterystats-geeksforgeeks-geeksforgeeks-noanalytics","opera",1681.3,2759,"noanalytics",-0.901310800465084,-0.0046419208824695,-1.29754292861655
470.04012,"http-geeksforgeeks-org-batterystats-geeksforgeeks-geeksforgeeks-noanalytics","opera",1608.4,2900,"noanalytics",0.0171780610747298,-0.142054399120219,-1.23544034156125
348.4296,"http-geeksforgeeks-org-batterystats-geeksforgeeks-geeksforgeeks-noanalytics","opera",1530.3,2459,"noanalytics",-0.696508527604474,-0.323526823968293,-1.41384503483369
811.88748,"http-independent-co-uk-batterystats-independent-independent-full","chrome",2552.6,9037,"full",1.32006794275947,0.737018480316896,0.665774016222946
794.92644,"http-independent-co-uk-batterystats-independent-independent-full","chrome",2578.2,9485,"full",1.26973919850722,0.78665905068543,0.712870450382715
767.98656,"http-independent-co-uk-batterystats-independent-independent-full","chrome",2712.5,8770,"full",1.1875495881109,0.927429261627518,0.597760126042478
876.74976,"http-independent-co-uk-batterystats-independent-independent-full","chrome",4099.2,10499,"full",1.50329207496326,2.20041058121003,0.920316464918705
941.25456,"http-independent-co-uk-batterystats-independent-independent-full","chrome",3000.9,9091,"full",1.6725280200941,1.19655132690156,0.671578841593754
876.00312,"http-independent-co-uk-batterystats-independent-independent-full","opera",1774,8819,"full",1.50126110400108,0.137366966074214,0.603319299671101
731.50776,"http-independent-co-uk-batterystats-independent-independent-full","opera",1750.3,8832,"full",1.07153985279356,0.109301996681419,0.608897181436491
651.85488,"http-independent-co-uk-batterystats-independent-independent-full","opera",1590,8073,"full",0.796713085193519,-0.193846218385278,0.448622910601434
662.63616,"http-independent-co-uk-batterystats-independent-independent-full","opera",1661.8,10486,"full",0.835818359639601,-0.0348213172603477,0.899251867969512
265.608,"http-independent-co-uk-batterystats-independent-independent-full","opera",1613,8310,"full",-1.34352351914973,-0.118646333755466,0.490084544810971
451.51344,"http-independent-co-uk-batterystats-independent-independent-noads","chrome",1699.6,6033,"noads",-0.0786842558381013,0.0348213172603476,0.109301996681419
275.3784,"http-independent-co-uk-batterystats-independent-independent-noads","chrome",2455.4,4469,"noads",-1.2574075566661,0.671578841593754,-0.479642695610339
238.70376,"http-independent-co-uk-batterystats-independent-independent-noads","chrome",1682.9,5229,"noads",-1.59811515188641,0.00696291258084083,-0.0953031079898535
241.54992,"http-independent-co-uk-batterystats-independent-independent-noads","chrome",2302.9,5472,"noads",-1.5698596298912,0.51113110133402,-0.0162473795380188
479.8548,"http-independent-co-uk-batterystats-independent-independent-noads","chrome",2344.5,5148,"noads",0.0664419258121799,0.548522282698098,-0.132682549333579
249.9768,"http-independent-co-uk-batterystats-independent-independent-noads","opera",1449,5080,"noads",-1.4881125884302,-0.469252883812802,-0.165540571952053
242.20296,"http-independent-co-uk-batterystats-independent-independent-noads","opera",1277.9,4930,"noads",-1.56342347956389,-0.761604151539962,-0.246163646661359
409.65192,"http-independent-co-uk-batterystats-independent-independent-noads","opera",1338,4541,"noads",-0.310628231724077,-0.695029144741602,-0.423100109874425
544.89168,"http-independent-co-uk-batterystats-independent-independent-noads","opera",1461.3,5539,"noads",0.369440069000705,-0.453762190169879,0.0116050210127303
228.91068,"http-independent-co-uk-batterystats-independent-independent-noads","opera",1377.1,5117,"noads",-1.69797808680642,-0.648492180592857,-0.146744955486549
991.90044,"http-independent-co-uk-batterystats-independent-independent-noanalytics","chrome",2170.8,8183,"noanalytics",1.79746471418781,0.418028984178433,0.469252883812802
704.3652,"http-independent-co-uk-batterystats-independent-independent-noanalytics","chrome",2387.5,8256,"noanalytics",0.98140359738479,0.597760126042478,0.479642695610339
941.9004,"http-independent-co-uk-batterystats-independent-independent-noanalytics","chrome",1528.2,8685,"noanalytics",1.67416314924159,-0.328422024430597,0.564781749261431
959.22432,"http-independent-co-uk-batterystats-independent-independent-noanalytics","chrome",1612.3,9244,"noanalytics",1.71761024475118,-0.123322339046612,0.677406385269592
744.8418,"http-independent-co-uk-batterystats-independent-independent-noanalytics","chrome",2324.3,9013,"noanalytics",1.11460216769841,0.532406557486753,0.648492180592857
805.2606,"http-independent-co-uk-batterystats-independent-independent-noanalytics","opera",1760.7,8610,"noanalytics",1.30053018039778,0.128001042354502,0.543134737187442
781.5366,"http-independent-co-uk-batterystats-independent-independent-noanalytics","opera",1601.2,7926,"noanalytics",1.22924292176208,-0.165540571952053,0.407918740945035
273.1968,"http-independent-co-uk-batterystats-independent-independent-noanalytics","opera",1555.3,10281,"noanalytics",-1.27636814308146,-0.255744478392445,0.838318493952991
256.1544,"http-independent-co-uk-batterystats-independent-independent-noanalytics","opera",1447.4,8473,"noanalytics",-1.42991724200098,-0.474441387788774,0.51113110133402
694.656,"http-independent-co-uk-batterystats-independent-independent-noanalytics","opera",1259.9,7473,"noanalytics",0.948314944416693,-0.774070859505182,0.299164132551331
528.31116,"http-science-org-batterystats-science-science-full","chrome",2614.9,11288,"full",0.295774670317852,0.831740286663613,1.17776855244864
502.32096,"http-science-org-batterystats-science-science-full","chrome",2940.1,10840,"full",0.175517599008217,1.15939234340466,1.00133129752569
460.2096,"http-science-org-batterystats-science-science-full","chrome",2905.1,9795,"full",-0.0332074320850064,1.12376882255426,0.755415026360469
424.4652,"http-science-org-batterystats-science-science-full","chrome",2612.7,10496,"full",-0.225948003733721,0.825197875733766,0.906228700757338
521.93376,"http-science-org-batterystats-science-science-full","chrome",3078,13646,"full",0.266823173270457,1.3305615131789,2.06536065002228
419.93964,"http-science-org-batterystats-science-science-full","opera",1632.9,10371,"full",-0.251500772231972,-0.0813228717724495,0.871770972189959
396.36612,"http-science-org-batterystats-science-science-full","opera",1721.4,11546,"full",-0.389223129742384,0.0696849203184557,1.24545931165828
413.93088,"http-science-org-batterystats-science-science-full","opera",1637.4,11258,"full",-0.285857034738487,-0.0720117052528802,1.15034938037601
560.33964,"http-science-org-batterystats-science-science-full","opera",1705,9989,"full",0.436083743160106,0.0441123922489626,0.780349497982251
424.90944,"http-science-org-batterystats-science-science-full","opera",2170.2,10029,"full",-0.223454381777411,0.412968585979671,0.79300007724277
406.3932,"http-science-org-batterystats-science-science-noads","chrome",2686.1,9623,"noads",-0.329667369881543,0.892318535094087,0.724891626082159
446.44464,"http-science-org-batterystats-science-science-noads","chrome",3350.7,10871,"noads",-0.105597499020836,1.58501483835917,1.00902433633217
349.68564,"http-science-org-batterystats-science-science-noads","chrome",2574.2,9763,"noads",-0.687930480141072,0.780349497982251,0.749254703224776
412.94016,"http-science-org-batterystats-science-science-noads","chrome",2354,8687,"noads",-0.291569525270455,0.559345532974878,0.570234707771494
429.1884,"http-science-org-batterystats-science-science-noads","chrome",2372.9,9330,"noads",-0.199568215396496,0.581191922386159,0.689131147209014
401.87772,"http-science-org-batterystats-science-science-noads","opera",1401.7,10183,"noads",-0.356303036148683,-0.586696725427622,0.831740286663613
746.55936,"http-science-org-batterystats-science-science-noads","opera",1188.1,11752,"noads",1.12009290479227,-0.949055092751712,1.3534061120182
537.28704,"http-science-org-batterystats-science-science-noads","opera",1279.5,9414,"noads",0.335935851134615,-0.749254703224776,0.700951419584212
393.49008,"http-science-org-batterystats-science-science-noads","opera",1374.7,9595,"noads",-0.406583573599859,-0.659991538619561,0.718868052822716
504.20592,"http-science-org-batterystats-science-science-noads","opera",1645.7,11564,"noads",0.184446331645889,-0.0580563997946523,1.25560488533233
545.82444,"http-science-org-batterystats-science-science-noanalytics","chrome",2968.6,7287,"noanalytics",0.373517353019221,1.17776855244864,0.260543656847999
352.83888,"http-science-org-batterystats-science-science-noanalytics","chrome",4283.5,8510,"noanalytics",-0.666530660954738,2.25594502801315,0.527065436033742
356.70744,"http-science-org-batterystats-science-science-noanalytics","chrome",3171.6,7389,"noanalytics",-0.640535975289364,1.45273877664645,0.289469362171406
498.31308,"http-science-org-batterystats-science-science-noanalytics","chrome",2896.8,7129,"noanalytics",0.156421076059326,1.10648068751121,0.246163646661359
426.4056,"http-science-org-batterystats-science-science-noanalytics","chrome",2629.3,6475,"noanalytics",-0.215075223590069,0.838318493952991,0.170248367898512
397.36224,"http-science-org-batterystats-science-science-noanalytics","opera",2131.4,8448,"noanalytics",-0.383239674890816,0.387821480464741,0.505848564254806
297.48096,"http-science-org-batterystats-science-science-noanalytics","opera",2204.4,6722,"noanalytics",-1.0733638547997,0.433275252222885,0.203314927298569
311.1408,"http-science-org-batterystats-science-science-noanalytics","opera",1834.9,7495,"noanalytics",-0.966339619067662,0.170248367898512,0.31375950359513
528.7572,"http-science-org-batterystats-science-science-noanalytics","opera",1589.3,8042,"noanalytics",0.297786463763719,-0.203314927298569,0.438379628835157
402.46704,"http-science-org-batterystats-science-science-noanalytics","opera",1612.2,11176,"noanalytics",-0.352809855178413,-0.128001042354502,1.13254016686964
946.74564,"http-scientificamerican-com-batterystats-scientificamerican-scientificamerican-full","chrome",2515.2,4315,"full",1.68639462440876,0.712870450382715,-0.543134737187442
644.98896,"http-scientificamerican-com-batterystats-scientificamerican-scientificamerican-full","chrome",3447.6,5371,"full",0.771470838673702,1.71123880965454,-0.0348213172603477
720.62856,"http-scientificamerican-com-batterystats-scientificamerican-scientificamerican-full","chrome",3155.9,4964,"full",1.0358199150205,1.43953147093846,-0.217552525271053
471.86496,"http-scientificamerican-com-batterystats-scientificamerican-scientificamerican-full","chrome",3625.5,4855,"full",0.0264150542825686,1.77483021375867,-0.265348843723046
991.8018,"http-scientificamerican-com-batterystats-scientificamerican-scientificamerican-full","chrome",2757.4,4509,"full",1.79722763700021,0.978599760293084,-0.453762190169879
480.14604,"http-scientificamerican-com-batterystats-scientificamerican-scientificamerican-full","opera",1591.8,4452,"full",0.067888337382903,-0.17967539957961,-0.48485701204345
445.52736,"http-scientificamerican-com-batterystats-scientificamerican-scientificamerican-full","opera",1800.9,4692,"full",-0.110500513450175,0.160836442101396,-0.338236217123051
458.676,"http-scientificamerican-com-batterystats-scientificamerican-scientificamerican-full","opera",1853.9,5100,"full",-0.0411646900181429,0.193846218385278,-0.156135868703289
666.29664,"http-scientificamerican-com-batterystats-scientificamerican-scientificamerican-full","opera",1545.5,4316,"full",0.84895090868438,-0.294313289581477,-0.535082815086322
277.119,"http-scientificamerican-com-batterystats-scientificamerican-scientificamerican-full","opera",1672.3,5570,"full",-1.24238718292475,-0.0255332472823687,0.0208900882468884
731.50776,"http-scientificamerican-com-batterystats-scientificamerican-scientificamerican-noads","chrome",3005.9,4915,"noads",1.07153985279356,1.23047704312688,-0.250951183086641
401.64696,"http-scientificamerican-com-batterystats-scientificamerican-scientificamerican-noads","chrome",2681.8,5213,"noads",-0.357672256619647,0.885427833849893,-0.0999671939607428
425.52108,"http-scientificamerican-com-batterystats-scientificamerican-scientificamerican-noads","chrome",2458,4424,"noads",-0.220025367265764,0.677406385269592,-0.50058010546674
449.25696,"http-scientificamerican-com-batterystats-scientificamerican-scientificamerican-noads","chrome",2518.3,5068,"noads",-0.090627728702045,0.718868052822716,-0.170248367898512
447.1848,"http-scientificamerican-com-batterystats-scientificamerican-scientificamerican-noads","chrome",2691.3,4754,"noads",-0.101648558776537,0.899251867969512,-0.304022025329353
480.35448,"http-scientificamerican-com-batterystats-scientificamerican-scientificamerican-noads","opera",1602.3,4180,"noads",0.0689229932687115,-0.156135868703289,-0.665774016222946
506.088,"http-scientificamerican-com-batterystats-scientificamerican-scientificamerican-noads","opera",1638.3,4179,"noads",0.193328180919345,-0.0673585125925315,-0.671578841593754
476.93052,"http-scientificamerican-com-batterystats-scientificamerican-scientificamerican-noads","opera",1821.6,4545,"noads",0.0518699560519674,0.165540571952053,-0.415497455089035
461.97972,"http-scientificamerican-com-batterystats-scientificamerican-scientificamerican-noads","opera",1551.8,4293,"noads",-0.024055863476329,-0.265348843723046,-0.564781749261431
1077.95268,"http-scientificamerican-com-batterystats-scientificamerican-scientificamerican-noads","opera",1549.3,4222,"noads",1.99579372921296,-0.274977748969005,-0.625746113747675
397.76184,"http-scientificamerican-com-batterystats-scientificamerican-scientificamerican-noanalytics","chrome",2778.5,4429,"noanalytics",-0.380843587557399,1.00902433633217,-0.495325504665913
375.8004,"http-scientificamerican-com-batterystats-scientificamerican-scientificamerican-noanalytics","chrome",3787,5535,"noanalytics",-0.51623596822167,1.95996398454005,0.00696291258084083
424.4652,"http-scientificamerican-com-batterystats-scientificamerican-scientificamerican-noanalytics","chrome",4450.8,5935,"noanalytics",-0.225948003733721,2.48478518923856,0.104633455614075
456.9318,"http-scientificamerican-com-batterystats-scientificamerican-scientificamerican-noanalytics","chrome",2380.4,3656,"noanalytics",-0.0502470705682841,0.592219364812039,-0.93458929107348
338.04,"http-scientificamerican-com-batterystats-scientificamerican-scientificamerican-noanalytics","chrome",3056.2,4374,"noanalytics",-0.768672801284175,1.30839094968963,-0.527065436033742
568.95048,"http-scientificamerican-com-batterystats-scientificamerican-scientificamerican-noanalytics","opera",1689.1,3737,"noanalytics",0.472438490770232,0.0162473795380189,-0.906228700757338
602.30412,"http-scientificamerican-com-batterystats-scientificamerican-scientificamerican-noanalytics","opera",1546.4,3771,"noanalytics",0.608245484632425,-0.287049950183621,-0.871770972189959
494.676,"http-scientificamerican-com-batterystats-scientificamerican-scientificamerican-noanalytics","opera",1933.4,4710,"noanalytics",0.138957915395632,0.250951183086641,-0.333325107587732
450.01908,"http-scientificamerican-com-batterystats-scientificamerican-scientificamerican-noanalytics","opera",1650,3889,"noanalytics",-0.0865871574137831,-0.0441123922489626,-0.818690596654295
231.552,"http-scientificamerican-com-batterystats-scientificamerican-scientificamerican-noanalytics","opera",1721.4,4285,"noanalytics",-1.67062913683593,0.0696849203184557,-0.570234707771494
643.67532,"http-w3schools-com-batterystats-w3schools-w3schools-full","chrome",1698.3,3842,"full",0.766610689403054,0.0301769568554704,-0.851585042182344
638.01684,"http-w3schools-com-batterystats-w3schools-w3schools-full","chrome",3047.5,5053,"full",0.745561675380681,1.28684548909448,-0.17967539957961
616.67892,"http-w3schools-com-batterystats-w3schools-w3schools-full","chrome",2269.7,4691,"full",0.664471473555486,0.495325504665913,-0.343155498201741
642.105,"http-w3schools-com-batterystats-w3schools-w3schools-full","chrome",2108.5,4129,"full",0.76078785438059,0.367879665820457,-0.730941616531513
869.26896,"http-w3schools-com-batterystats-w3schools-w3schools-full","chrome",1776.1,3983,"full",1.48286458866046,0.142054399120219,-0.774070859505182
745.3296,"http-w3schools-com-batterystats-w3schools-w3schools-full","opera",1048.5,3580,"full",1.11616286472696,-1.3769797181483,-0.963722271712118
665.3106,"http-w3schools-com-batterystats-w3schools-w3schools-full","opera",1191.8,3764,"full",0.84542044798025,-0.94179755677983,-0.885427833849893
224.62848,"http-w3schools-com-batterystats-w3schools-w3schools-full","opera",985.3,3311,"full",-1.74299484797119,-1.73166439612225,-1.05649802925668
540.72,"http-w3schools-com-batterystats-w3schools-w3schools-full","opera",1031.4,3285,"full",0.351118979855088,-1.46620446492241,-1.07286134165
888.71904,"http-w3schools-com-batterystats-w3schools-w3schools-full","opera",980.4,3455,"full",1.53561627325122,-1.75283909932597,-1.00133129752569
594.5382,"http-w3schools-com-batterystats-w3schools-w3schools-noad","chrome",1978.6,1988,"noads",0.577308721587366,0.274977748969005,-2.06536065002228
230.28948,"http-w3schools-com-batterystats-w3schools-w3schools-noad","chrome",2063.9,2061,"noads",-1.68366247750739,0.338236217123051,-1.90019596656649
350.15328,"http-w3schools-com-batterystats-w3schools-w3schools-noad","chrome",2949,2999,"noads",-0.684744630617421,1.16853112339568,-1.19655132690156
218.5326,"http-w3schools-com-batterystats-w3schools-w3schools-noad","chrome",1491,1505,"noads",-1.80858085234696,-0.412968585979671,-2.48478518923857
330.65136,"http-w3schools-com-batterystats-w3schools-w3schools-noad","chrome",1601.7,1497,"noads",-0.821355490343141,-0.160836442101396,-2.60233042765711
249.85656,"http-w3schools-com-batterystats-w3schools-w3schools-noad","opera",1045.4,1428,"noads",-1.48925950986124,-1.38905898362949,-3.11301726340868
502.72344,"http-w3schools-com-batterystats-w3schools-w3schools-noad","opera",1015.1,1916,"noads",0.177426887815913,-1.56891963249893,-2.10622070795391
221.022,"http-w3schools-com-batterystats-w3schools-w3schools-noad","opera",959.6,1470,"noads",-1.78157888482513,-1.8726906799231,-2.77292129460866
518.79276,"http-w3schools-com-batterystats-w3schools-w3schools-noad","opera",1440.6,2679,"noads",0.252433688669499,-0.495325504665913,-1.3305615131789
199.41912,"http-w3schools-com-batterystats-w3schools-w3schools-noad","opera",1511.2,3039,"noads",-2.0267659559272,-0.37036424480676,-1.17776855244864
696.7224,"http-w3schools-com-batterystats-w3schools-w3schools-noanalytics","chrome",2301.1,3723,"noanalytics",0.955395745822078,0.505848564254806,-0.913249926683609
783.89136,"http-w3schools-com-batterystats-w3schools-w3schools-noanalytics","chrome",1723.2,3295,"noanalytics",1.23641470151334,0.0766664576563184,-1.06464405193839
664.11576,"http-w3schools-com-batterystats-w3schools-w3schools-noanalytics","chrome",3756.7,5436,"noanalytics",0.841135372265555,1.92921881220677,-0.0208900882468886
656.9748,"http-w3schools-com-batterystats-w3schools-w3schools-noanalytics","chrome",1606.1,3064,"noanalytics",0.815363786016674,-0.146744955486549,-1.16394958215326
708.53184,"http-w3schools-com-batterystats-w3schools-w3schools-noanalytics","chrome",1855.6,5252,"noanalytics",0.995463738985478,0.19857834735111,-0.0766664576563184
302.54472,"http-w3schools-com-batterystats-w3schools-w3schools-noanalytics","opera",1093.9,3672,"noanalytics",-1.03312694856535,-1.23544034156125,-0.920316464918705
581.2344,"http-w3schools-com-batterystats-w3schools-w3schools-noanalytics","opera",1223.2,3613,"noanalytics",0.523359685957979,-0.825197875733766,-0.94179755677983
226.14624,"http-w3schools-com-batterystats-w3schools-w3schools-noanalytics","opera",1101.6,3237,"noanalytics",-1.72694191751147,-1.20610300126827,-1.10648068751121
779.49936,"http-w3schools-com-batterystats-w3schools-w3schools-noanalytics","opera",1008.8,2797,"noanalytics",1.2230207415639,-1.58501483835917,-1.26588137468199
605.9448,"http-w3schools-com-batterystats-w3schools-w3schools-noanalytics","opera",958.5,3080,"noanalytics",0.622611628752353,-1.92921881220677,-1.15034938037601
367.0272,"http-www-britannica-com-batterystats-britannica-britannica-full","chrome",2443.3,11299,"full",-0.572548107354131,0.65423104549283,1.19655132690156
403.90488,"http-www-britannica-com-batterystats-britannica-britannica-full","chrome",2512.2,11074,"full",-0.344308509085399,0.706898381869951,1.09795939076241
394.70112,"http-www-britannica-com-batterystats-britannica-britannica-full","chrome",5133,14058,"full",-0.399258040130707,2.77292129460866,2.20041058121003
322.7256,"http-www-britannica-com-batterystats-britannica-britannica-full","chrome",3005.9,11150,"full",-0.879193025520251,1.23047704312688,1.12376882255426
350.75052,"http-www-britannica-com-batterystats-britannica-britannica-full","chrome",2322.2,10743,"full",-0.680682047901989,0.527065436033742,0.956362964763013
553.89888,"http-www-britannica-com-batterystats-britannica-britannica-full","opera",1003.5,10782,"full",0.408523915792689,-1.61849689446641,0.978599760293084
302.72616,"http-www-britannica-com-batterystats-britannica-britannica-full","opera",1157.9,10440,"full",-1.03169774429139,-1.01677756045901,0.892318535094087
633.36636,"http-www-britannica-com-batterystats-britannica-britannica-full","opera",2062.4,12357,"full",0.728122091456076,0.328422024430597,1.63594140222522
460.2096,"http-www-britannica-com-batterystats-britannica-britannica-full","opera",1068.9,10163,"full",-0.0332074320850064,-1.29754292861655,0.818690596654295
483.9444,"http-www-britannica-com-batterystats-britannica-britannica-full","opera",1226.5,11289,"full",0.0866725531059183,-0.818690596654295,1.18710758925629
243.83592,"http-www-britannica-com-batterystats-britannica-britannica-noads","chrome",4698.3,7555,"noads",-1.54740519887331,2.60233042765711,0.328422024430597
670.1832,"http-www-britannica-com-batterystats-britannica-britannica-noads","chrome",3150.9,5887,"noads",0.862815820435994,1.42657059945551,0.0813228717724496
267.61932,"http-www-britannica-com-batterystats-britannica-britannica-noads","chrome",2644.1,5235,"noads",-1.32553973043244,0.851585042182344,-0.0813228717724495
247.39488,"http-www-britannica-com-batterystats-britannica-britannica-noads","chrome",3941,7030,"noads",-1.51286260679012,1.99268184795863,0.23183436245301
279.78192,"http-www-britannica-com-batterystats-britannica-britannica-noads","chrome",3025.3,7083,"noads",-1.21958932197059,1.25560488533233,0.241381745822447
221.25852,"http-www-britannica-com-batterystats-britannica-britannica-noads","opera",993.5,4957,"noads",-1.77902924363289,-1.65389844754492,-0.222308065187877
263.34,"http-www-britannica-com-batterystats-britannica-britannica-noads","opera",1919.5,9393,"noads",-1.36396644413264,0.23660535822584,0.695029144741602
249.01812,"http-www-britannica-com-batterystats-britannica-britannica-noads","opera",1397.6,5200,"noads",-1.49727243071523,-0.614494072405518,-0.104633455614075
199.41912,"http-www-britannica-com-batterystats-britannica-britannica-noads","opera",1122.8,4936,"noads",-2.0267659559272,-1.15034938037601,-0.23660535822584
218.43936,"http-www-britannica-com-batterystats-britannica-britannica-noads","opera",987.4,4789,"noads",-1.80959817229416,-1.71123880965454,-0.294313289581477
319.09392,"http-www-britannica-com-batterystats-britannica-britannica-noanalytics","chrome",2439.2,8852,"noanalytics",-0.906171077462825,0.642774594511798,0.6201102791199
293.51124,"http-www-britannica-com-batterystats-britannica-britannica-noanalytics","chrome",2444.5,9003,"noanalytics",-1.1053893296708,0.659991538619561,0.642774594511798
262.2492,"http-www-britannica-com-batterystats-britannica-britannica-noanalytics","chrome",2347.3,7863,"noanalytics",-1.3738613025199,0.553925796740599,0.382821860240874
281.27808,"http-www-britannica-com-batterystats-britannica-britannica-noanalytics","chrome",2645.8,8521,"noanalytics",-1.20687537459314,0.865003191593998,0.532406557486753
255.55824,"http-www-britannica-com-batterystats-britannica-britannica-noanalytics","chrome",3004.4,8490,"noanalytics",-1.43547176762996,1.21576600012519,0.5217393083884
495.19764,"http-www-britannica-com-batterystats-britannica-britannica-noanalytics","opera",1110.4,8399,"noanalytics",0.141470401611863,-1.19655132690156,0.50058010546674
618.62076,"http-www-britannica-com-batterystats-britannica-britannica-noanalytics","opera",1056.9,7601,"noanalytics",0.671966174524696,-1.31939516590522,0.338236217123051
671.28408,"http-www-britannica-com-batterystats-britannica-britannica-noanalytics","opera",1131.2,7950,"noanalytics",0.866728487725956,-1.10648068751121,0.418028984178433
420.41952,"http-www-britannica-com-batterystats-britannica-britannica-noanalytics","opera",1069.6,6978,"noanalytics",-0.248778196705296,-1.28684548909448,0.222308065187877
656.81424,"http-www-britannica-com-batterystats-britannica-britannica-noanalytics","opera",1095.2,7337,"noanalytics",0.814781113369689,-1.22554387294917,0.274977748969005
893.24352,"http-192-168-40-1-batterystats-dailymail-dailymail-full","chrome",1443,12099,"full",1.54772181318324,-0.490084544810971,1.50828546562336
860.70816,"http-192-168-40-1-batterystats-dailymail-dailymail-full","chrome",1794.7,12123,"full",1.45927118198633,0.156135868703289,1.52292377133927
871.65504,"http-192-168-40-1-batterystats-dailymail-dailymail-full","chrome",1790.7,12900,"full",1.48939918222324,0.151438742677196,1.90019596656649
999.9936,"http-192-168-40-1-batterystats-dailymail-dailymail-full","chrome",1735.2,12083,"full",1.81683640248295,0.0859810498242754,1.47994138903519
993.86496,"http-192-168-40-1-batterystats-dailymail-dailymail-full","chrome",1705.6,12185,"full",1.802181453172,0.053407276842684,1.55322089800153
936.13104,"http-192-168-40-1-batterystats-dailymail-dailymail-full","opera",1178.9,11542,"full",1.65951646537845,-0.978599760293084,1.23544034156125
1091.06136,"http-192-168-40-1-batterystats-dailymail-dailymail-full","opera",1213.8,11670,"full",2.02460849599347,-0.858274800580755,1.28684548909448
876.13272,"http-192-168-40-1-batterystats-dailymail-dailymail-full","opera",1256.5,11644,"full",1.50161375925086,-0.78665905068543,1.26588137468199
744.67008,"http-192-168-40-1-batterystats-dailymail-dailymail-full","opera",1610.2,13495,"full",1.1140525130236,-0.132682549333579,1.99268184795863
480.654,"http-192-168-40-1-batterystats-dailymail-dailymail-full","opera",1423.9,12603,"full",0.0704089668484606,-0.537762910642395,1.73166439612225
414.0864,"http-192-168-40-1-batterystats-dailymail-dailymail-noads","chrome",1443.9,12644,"noads",-0.284961548342094,-0.48485701204345,1.77483021375867
505.44,"http-192-168-40-1-batterystats-dailymail-dailymail-noads","chrome",1259,11009,"noads",0.190273894827148,-0.780349497982251,1.08115172117323
582.912,"http-192-168-40-1-batterystats-dailymail-dailymail-noads","chrome",2332.4,12226,"noads",0.530230273614821,0.543134737187442,1.60153145335866
789.77592,"http-192-168-40-1-batterystats-dailymail-dailymail-noads","chrome",1398.6,11272,"noads",1.25424325716602,-0.608897181436491,1.16853112339568
430.9596,"http-192-168-40-1-batterystats-dailymail-dailymail-noads","chrome",1937.6,10831,"noads",-0.189750571698012,0.260543656847999,0.986120318603346
317.83752,"http-192-168-40-1-batterystats-dailymail-dailymail-noads","opera",1186.9,10766,"noads",-0.915575823450134,-0.956362964763013,0.963722271712118
585.08352,"http-192-168-40-1-batterystats-dailymail-dailymail-noads","opera",1072,10917,"noads",0.539094399752271,-1.27629331663219,1.04041281996993
990.47664,"http-192-168-40-1-batterystats-dailymail-dailymail-noads","opera",1221.4,11142,"noads",1.79404038126285,-0.838318493952991,1.11508309544911
365.0184,"http-192-168-40-1-batterystats-dailymail-dailymail-noads","opera",1031.9,10609,"noads",-0.585631230868395,-1.45273877664645,0.93458929107348
409.45032,"http-192-168-40-1-batterystats-dailymail-dailymail-noads","opera",1073.7,10903,"noads",-0.311801681578678,-1.26588137468199,1.02852336955382
791.5968,"http-192-168-40-1-batterystats-dailymail-dailymail-noanalytics","chrome",1593.9,13637,"noanalytics",1.25973310535366,-0.174959940165732,2.02768318791117
387.2448,"http-192-168-40-1-batterystats-dailymail-dailymail-noanalytics","chrome",1582.7,12528,"noanalytics",-0.444722597812608,-0.217552525271053,1.71123880965454
453.21408,"http-192-168-40-1-batterystats-dailymail-dailymail-noanalytics","chrome",2699,12647,"noanalytics",-0.0697222041093357,0.906228700757338,1.79771475351869
495.92736,"http-192-168-40-1-batterystats-dailymail-dailymail-noanalytics","chrome",1550.5,13223,"noanalytics",0.144980670783885,-0.270160165313734,1.92921881220677
333.396,"http-192-168-40-1-batterystats-dailymail-dailymail-noanalytics","chrome",2052,13258,"noanalytics",-0.80164941021528,0.31375950359513,1.95996398454005
842.9616,"http-192-168-40-1-batterystats-dailymail-dailymail-noanalytics","opera",1150.7,11245,"noanalytics",1.40960536503889,-1.04041281996993,1.14139952156726
1073.088,"http-192-168-40-1-batterystats-dailymail-dailymail-noanalytics","opera",1172,11319,"noanalytics",1.98501122556802,-1.00133129752569,1.20610300126827
289.2438,"http-192-168-40-1-batterystats-dailymail-dailymail-noanalytics","opera",1304.5,11692,"noanalytics",-1.14030336104392,-0.743122683669095,1.29754292861655
317.6496,"http-192-168-40-1-batterystats-dailymail-dailymail-noanalytics","opera",1262.1,11968,"noanalytics",-0.916985688420176,-0.767822588675739,1.45273877664645
878.15232,"http-192-168-40-1-batterystats-dailymail-dailymail-noanalytics","opera",1155.2,12620,"noanalytics",1.50710257331262,-1.0324703045108,1.75283909932597
831.13056,"http-192-168-40-1-batterystats-theguardian-theguardian-full","chrome",1433.6,4294,"full",1.37591048708189,-0.511131101334019,-0.559345532974878
640.35504,"http-192-168-40-1-batterystats-theguardian-theguardian-full","chrome",1535.4,4196,"full",0.754282103509407,-0.31375950359513,-0.648492180592857
782.271,"http-192-168-40-1-batterystats-theguardian-theguardian-full","chrome",1473,4206,"full",1.23148196475447,-0.438379628835157,-0.642774594511798
702.99576,"http-192-168-40-1-batterystats-theguardian-theguardian-full","chrome",1839,4224,"full",0.976764317060848,0.17967539957961,-0.6201102791199
772.9344,"http-192-168-40-1-batterystats-theguardian-theguardian-full","chrome",3353.1,8294,"full",1.20285869370426,1.60153145335866,0.48485701204345
794.30976,"http-192-168-40-1-batterystats-theguardian-theguardian-full","chrome",2188,4248,"full",1.26788914410297,0.423100109874425,-0.603319299671101
884.16288,"http-192-168-40-1-batterystats-theguardian-theguardian-full","chrome",3116,6696,"full",1.52336353255263,1.38905898362949,0.19857834735111
737.91648,"http-192-168-40-1-batterystats-theguardian-theguardian-full","chrome",2286,4651,"full",1.09233393977174,0.50058010546674,-0.34808309750652
795.82752,"http-192-168-40-1-batterystats-theguardian-theguardian-full","chrome",2058.9,4775,"full",1.27243988049363,0.323526823968293,-0.299164132551331
792.92304,"http-192-168-40-1-batterystats-theguardian-theguardian-full","chrome",2066,4519,"full",1.26372369988881,0.343155498201741,-0.438379628835157
571.2714,"http-192-168-40-1-batterystats-theguardian-theguardian-full","opera",1098.5,5849,"full",0.482143236012983,-1.21576600012519,0.0720117052528801
724.6512,"http-192-168-40-1-batterystats-theguardian-theguardian-full","opera",1278.2,6652,"full",1.04908998948198,-0.755415026360469,0.193846218385278
632.96064,"http-192-168-40-1-batterystats-theguardian-theguardian-full","opera",1194.5,7140,"full",0.726594548505309,-0.93458929107348,0.250951183086641
668.736,"http-192-168-40-1-batterystats-theguardian-theguardian-full","opera",1198,7625,"full",0.85766249847742,-0.927429261627518,0.343155498201741
843.76512,"http-192-168-40-1-batterystats-theguardian-theguardian-full","opera",1222.3,6252,"full",1.41187661587895,-0.831740286663613,0.128001042354502
333.14652,"http-192-168-40-1-batterystats-theguardian-theguardian-full","opera",1341.8,9686,"full",-0.80343392170553,-0.689131147209014,0.737018480316896
379.57248,"http-192-168-40-1-batterystats-theguardian-theguardian-full","opera",1404,9299,"full",-0.492427305579208,-0.575704675100676,0.683257025248282
590.19552,"http-192-168-40-1-batterystats-theguardian-theguardian-full","opera",1438.3,7904,"full",0.559832328181398,-0.505848564254806,0.402879276905268
532.97208,"http-192-168-40-1-batterystats-theguardian-theguardian-full","opera",2230.8,9440,"full",0.316713662324467,0.448622910601434,0.706898381869951
896.0742,"http-192-168-40-1-batterystats-theguardian-theguardian-full","opera",1212.4,7869,"full",1.55526433911047,-0.871770972189959,0.387821480464741
566.41104,"http-192-168-40-1-batterystats-theguardian-theguardian-noanalytics","chrome",2103.4,4476,"noanalytics",0.461774561823346,0.362917295139356,-0.474441387788774
588.59424,"http-192-168-40-1-batterystats-theguardian-theguardian-noanalytics","chrome",1899,5161,"noanalytics",0.553355774433759,0.227068637986835,-0.125661346855074
724.7232,"http-192-168-40-1-batterystats-theguardian-theguardian-noanalytics","chrome",2437.4,7302,"noanalytics",1.04932683485469,0.637077944491846,0.265348843723046
893.9646,"http-192-168-40-1-batterystats-theguardian-theguardian-noanalytics","chrome",2222.8,4946,"noanalytics",1.54964544291036,0.443495452975006,-0.227068637986835
628.1784,"http-192-168-40-1-batterystats-theguardian-theguardian-noanalytics","chrome",1865.7,5161,"noanalytics",0.708515176526698,0.203314927298569,-0.125661346855074
838.52496,"http-192-168-40-1-batterystats-theguardian-theguardian-noanalytics","opera",1148.8,6296,"noanalytics",1.39702553140145,-1.06464405193839,0.132682549333579
1018.94832,"http-192-168-40-1-batterystats-theguardian-theguardian-noanalytics","opera",1438.7,4826,"noanalytics",1.86159943518342,-0.50058010546674,-0.284632217294727
454.05684,"http-192-168-40-1-batterystats-theguardian-theguardian-noanalytics","opera",2863.6,7883,"noanalytics",-0.0652934721085325,1.07286134165,0.392830813649729
518.44968,"http-192-168-40-1-batterystats-theguardian-theguardian-noanalytics","opera",1748.6,8694,"noanalytics",0.250856703028565,0.099967193960743,0.575704675100676
801.22464,"http-192-168-40-1-batterystats-theguardian-theguardian-noanalytics","opera",1236.9,6218,"noanalytics",1.28855218621268,-0.802571888059309,0.123322339046612
456.38208,"http-biomedcentral-com-batterystats-biomedcentral-biomedcentral-full","chrome",1462.1,2516,"full",-0.0531167533918927,-0.448622910601434,-1.3534061120182
371.64744,"http-biomedcentral-com-batterystats-biomedcentral-biomedcentral-full","chrome",2009.4,3112,"full",-0.542726652608064,0.299164132551331,-1.14139952156726
562.9824,"http-biomedcentral-com-batterystats-biomedcentral-biomedcentral-full","chrome",1519.7,2444,"full",0.447300491210684,-0.345618248847929,-1.42657059945551
332.9748,"http-biomedcentral-com-batterystats-biomedcentral-biomedcentral-full","chrome",2026.6,2787,"full",-0.80466299846038,0.308887103416106,-1.27629331663219
360.8388,"http-biomedcentral-com-batterystats-biomedcentral-biomedcentral-full","chrome",1364.8,2343,"full",-0.613084880690058,-0.665774016222946,-1.49396340221936
446.87412,"http-biomedcentral-com-batterystats-biomedcentral-biomedcentral-full","opera",941.4,2029,"full",-0.103305318369811,-2.02768318791117,-2.02768318791117
326.592,"http-biomedcentral-com-batterystats-biomedcentral-biomedcentral-full","opera",925.5,2069,"full",-0.850802980106682,-2.48478518923857,-1.8726906799231
151.94304,"http-biomedcentral-com-batterystats-biomedcentral-biomedcentral-full","opera",880.9,2118,"full",-2.67493785502312,-2.77292129460866,-1.71123880965454
271.674,"http-biomedcentral-com-batterystats-biomedcentral-biomedcentral-full","opera",865.7,2102,"full",-1.28969295065319,-3.11301726340868,-1.75283909932597
315.13608,"http-biomedcentral-com-batterystats-biomedcentral-biomedcentral-full","opera",1145.9,2350,"full",-0.935923911361718,-1.07286134165,-1.47994138903519
282.46608,"http-biomedcentral-com-batterystats-biomedcentral-biomedcentral-noads","chrome",2767.1,3501,"noads",-1.19682815945712,0.986120318603346,-0.978599760293084
462.6936,"http-biomedcentral-com-batterystats-biomedcentral-biomedcentral-noads","chrome",1609.9,2372,"noads",-0.0203750029163596,-0.137366966074214,-1.46620446492241
307.9296,"http-biomedcentral-com-batterystats-biomedcentral-biomedcentral-noads","chrome",3320.3,4136,"noads",-0.991070657459475,1.55322089800153,-0.712870450382715
293.27976,"http-biomedcentral-com-batterystats-biomedcentral-biomedcentral-noads","chrome",3311.7,6354,"noads",-1.10727012239744,1.53789588312821,0.149091438490236
270.2808,"http-biomedcentral-com-batterystats-biomedcentral-biomedcentral-noads","chrome",1922.8,3331,"noads",-1.30194931901925,0.241381745822447,-1.04842151668575
305.8776,"http-biomedcentral-com-batterystats-biomedcentral-biomedcentral-noads","opera",947,3436,"noads",-1.00700954834786,-1.99268184795863,-1.01677756045901
304.64928,"http-biomedcentral-com-batterystats-biomedcentral-biomedcentral-noads","opera",934.7,6470,"noads",-1.01660175212811,-2.25594502801315,0.165540571952053
426.87216,"http-biomedcentral-com-batterystats-biomedcentral-biomedcentral-noads","opera",1073.8,2157,"noads",-0.212468293808276,-1.25560488533233,-1.63594140222522
443.01312,"http-biomedcentral-com-batterystats-biomedcentral-biomedcentral-noads","opera",1411.3,3261,"noads",-0.123991477326757,-0.553925796740599,-1.09795939076241
267.54624,"http-biomedcentral-com-batterystats-biomedcentral-biomedcentral-noads","opera",1125.9,2162,"noads",-1.32619079004989,-1.13254016686964,-1.61849689446641
372.67776,"http-biomedcentral-com-batterystats-biomedcentral-biomedcentral-noanalytics","chrome",1849.7,4720,"noanalytics",-0.536126993186668,0.184394857586466,-0.328422024430597
312.56604,"http-biomedcentral-com-batterystats-biomedcentral-biomedcentral-noanalytics","chrome",1410,2131,"noanalytics",-0.955444814959227,-0.559345532974878,-1.69150318112383
362.232,"http-biomedcentral-com-batterystats-biomedcentral-biomedcentral-noanalytics","chrome",1313.3,2190,"noanalytics",-0.603898489709425,-0.724891626082159,-1.58501483835917
428.4108,"http-biomedcentral-com-batterystats-biomedcentral-biomedcentral-noanalytics","chrome",3255.4,5758,"noanalytics",-0.203891205386103,1.50828546562336,0.0627067779432138
362.19744,"http-biomedcentral-com-batterystats-biomedcentral-biomedcentral-noanalytics","chrome",2168.3,9934,"noanalytics",-0.604125941518264,0.407918740945035,0.767822588675739
157.44168,"http-biomedcentral-com-batterystats-biomedcentral-biomedcentral-noanalytics","opera",1019.1,2178,"noanalytics",-2.5901943372397,-1.52292377133927,-1.60153145335866
297.46332,"http-biomedcentral-com-batterystats-biomedcentral-biomedcentral-noanalytics","opera",932.1,3762,"noanalytics",-1.0735052169819,-2.31945514845046,-0.892318535094087
360.83736,"http-biomedcentral-com-batterystats-biomedcentral-biomedcentral-noanalytics","opera",948.1,2077,"noanalytics",-0.613094394004958,-1.95996398454005,-1.8465332589292
369.1008,"http-biomedcentral-com-batterystats-biomedcentral-biomedcentral-noanalytics","opera",1318.2,2694,"noanalytics",-0.559117841803061,-0.718868052822716,-1.31939516590522
335.46744,"http-biomedcentral-com-batterystats-biomedcentral-biomedcentral-noanalytics","opera",1135.8,4132,"noanalytics",-0.786883923938985,-1.08951708255962,-0.718868052822716
619.2522,"http-geeksforgeeks-org-batterystats-geeksforgeeks-geeksforgeeks-full","chrome",2304.9,5576,"full",0.674398204320907,0.516427940352797,0.0301769568554704
743.87664,"http-geeksforgeeks-org-batterystats-geeksforgeeks-geeksforgeeks-full","chrome",4057.5,7283,"full",1.11151116187658,2.1509330874603,0.255744478392445
724.6512,"http-geeksforgeeks-org-batterystats-geeksforgeeks-geeksforgeeks-full","chrome",2419.9,5192,"full",1.04908998948198,0.6201102791199,-0.113972921245212
628.88364,"http-geeksforgeeks-org-batterystats-geeksforgeeks-geeksforgeeks-full","chrome",2854.9,8981,"full",0.711189987694472,1.06464405193839,0.631401894239761
629.7264,"http-geeksforgeeks-org-batterystats-geeksforgeeks-geeksforgeeks-full","chrome",3640,6923,"full",0.714382449031756,1.79771475351869,0.212801900282685
696.7296,"http-geeksforgeeks-org-batterystats-geeksforgeeks-geeksforgeeks-full","opera",1575.8,4638,"full",0.955420380871793,-0.23183436245301,-0.367879665820457
600.3072,"http-geeksforgeeks-org-batterystats-geeksforgeeks-geeksforgeeks-full","opera",1479.3,4378,"full",0.600328704478762,-0.423100109874425,-0.5217393083884
592.5312,"http-geeksforgeeks-org-batterystats-geeksforgeeks-geeksforgeeks-full","opera",1623.1,4974,"full",0.569247804259909,-0.109301996681419,-0.212801900282685
540.5256,"http-geeksforgeeks-org-batterystats-geeksforgeeks-geeksforgeeks-full","opera",1678.9,14328,"full",0.35026177509053,-0.0208900882468886,2.31945514845046
502.13736,"http-geeksforgeeks-org-batterystats-geeksforgeeks-geeksforgeeks-full","opera",3386.4,8985,"full",0.174646127269953,1.65389844754492,0.637077944491846
476.91072,"http-geeksforgeeks-org-batterystats-geeksforgeeks-geeksforgeeks-noad","chrome",2492.3,5003,"noads",0.051770986512983,0.700951419584212,-0.19857834735111
439.22736,"http-geeksforgeeks-org-batterystats-geeksforgeeks-geeksforgeeks-noad","chrome",2159.7,5400,"noads",-0.144450319605413,0.402879276905268,-0.0301769568554703
369.16236,"http-geeksforgeeks-org-batterystats-geeksforgeeks-geeksforgeeks-noad","chrome",2752.9,5787,"noads",-0.558720284964464,0.971134147051085,0.0673585125925317
315.8964,"http-geeksforgeeks-org-batterystats-geeksforgeeks-geeksforgeeks-noad","chrome",2109.8,4545,"noads",-0.930179359730224,0.372851112210203,-0.415497455089035
415.1736,"http-geeksforgeeks-org-batterystats-geeksforgeeks-geeksforgeeks-noad","chrome",2419.4,5314,"noads",-0.278710812883118,0.614494072405518,-0.0580563997946523
394.86096,"http-geeksforgeeks-org-batterystats-geeksforgeeks-geeksforgeeks-noad","opera",1626.9,4127,"noads",-0.398292853698752,-0.0999671939607428,-0.737018480316895
494.41392,"http-geeksforgeeks-org-batterystats-geeksforgeeks-geeksforgeeks-noad","opera",1623.8,4270,"noads",0.137694603360213,-0.104633455614075,-0.586696725427622
377.61768,"http-geeksforgeeks-org-batterystats-geeksforgeeks-geeksforgeeks-noad","opera",1925.8,4747,"noads",-0.504735950004569,0.246163646661359,-0.308887103416106
393.70752,"http-geeksforgeeks-org-batterystats-geeksforgeeks-geeksforgeeks-noad","opera",1467.2,4158,"noads",-0.405266628427612,-0.443495452975006,-0.695029144741602
405.17496,"http-geeksforgeeks-org-batterystats-geeksforgeeks-geeksforgeeks-noad","opera",1630.1,4257,"noads",-0.336824192766813,-0.0906410943041526,-0.597760126042478
375.63552,"http-geeksforgeeks-org-batterystats-geeksforgeeks-geeksforgeeks-noanalytics","chrome",2985.4,3596,"noanalytics",-0.517282103633676,1.18710758925629,-0.956362964763013
375.63552,"http-geeksforgeeks-org-batterystats-geeksforgeeks-geeksforgeeks-noanalytics","chrome",2644.9,4532,"noanalytics",-0.517282103633676,0.858274800580755,-0.428182139616569
326.43072,"http-geeksforgeeks-org-batterystats-geeksforgeeks-geeksforgeeks-noanalytics","chrome",2663.7,3133,"noanalytics",-0.851980487390801,0.871770972189959,-1.13254016686964
337.1544,"http-geeksforgeeks-org-batterystats-geeksforgeeks-geeksforgeeks-noanalytics","chrome",2115.7,2765,"noanalytics",-0.77492626345731,0.382821860240874,-1.28684548909448
370.63872,"http-geeksforgeeks-org-batterystats-geeksforgeeks-geeksforgeeks-noanalytics","chrome",2609.1,3871,"noanalytics",-0.549205703132253,0.818690596654295,-0.831740286663613
315.12096,"http-geeksforgeeks-org-batterystats-geeksforgeeks-geeksforgeeks-noanalytics","opera",1531.4,2478,"noanalytics",-0.93603829010126,-0.318639363964375,-1.4013443963101
343.6992,"http-geeksforgeeks-org-batterystats-geeksforgeeks-geeksforgeeks-noanalytics","opera",1849.9,3200,"noanalytics",-0.729094396149004,0.189118426272792,-1.11508309544911
603.31392,"http-geeksforgeeks-org-batterystats-geeksforgeeks-geeksforgeeks-noanalytics","opera",1787.7,2887,"noanalytics",0.612238845333183,0.146744955486549,-1.25560488533233
331.3728,"http-geeksforgeeks-org-batterystats-geeksforgeeks-geeksforgeeks-noanalytics","opera",1540.4,2891,"noanalytics",-0.816159863208572,-0.299164132551331,-1.24545931165828
325.56744,"http-geeksforgeeks-org-batterystats-geeksforgeeks-geeksforgeeks-noanalytics","opera",1750.9,2904,"noanalytics",-0.858293213211408,0.113972921245212,-1.22554387294917
877.149,"http-independent-co-uk-batterystats-independent-independent-full","chrome",2261.6,8330,"full",1.50437735710846,0.474441387788774,0.495325504665913
802.4832,"http-independent-co-uk-batterystats-independent-independent-full","chrome",3073.3,8766,"full",1.29229382475865,1.31939516590522,0.592219364812039
735.9264,"http-independent-co-uk-batterystats-independent-independent-full","chrome",2101.4,9892,"full",1.08589621184249,0.357963845332562,0.761604151539962
771.8328,"http-independent-co-uk-batterystats-independent-independent-full","chrome",2637.8,8647,"full",1.19945873216313,0.844933179293064,0.559345532974878
775.49616,"http-independent-co-uk-batterystats-independent-independent-full","chrome",3273.5,11076,"full",1.21074657102189,1.52292377133927,1.10648068751121
880.19712,"http-independent-co-uk-batterystats-independent-independent-full","opera",1659.6,8622,"full",1.51264702969166,-0.0394664288894916,0.548522282698098
693.66528,"http-independent-co-uk-batterystats-independent-independent-full","opera",1510,7551,"full",0.944912633645773,-0.377831790892152,0.323526823968293
851.7312,"http-independent-co-uk-batterystats-independent-independent-full","opera",1664.5,8484,"full",1.4342774460081,-0.0301769568554703,0.516427940352797
292.572,"http-independent-co-uk-batterystats-independent-independent-full","opera",1505.9,7805,"full",-1.1130299483861,-0.382821860240874,0.372851112210203
496.64952,"http-independent-co-uk-batterystats-independent-independent-full","opera",1404.9,7421,"full",0.148449491679145,-0.570234707771494,0.294313289581477
405.29088,"http-independent-co-uk-batterystats-independent-independent-noads","chrome",2747.8,4586,"noads",-0.336142269127863,0.963722271712118,-0.395339173778938
289.2672,"http-independent-co-uk-batterystats-independent-independent-noads","chrome",2712.3,5611,"noads",-1.14011051308429,0.920316464918705,0.0348213172603476
451.41192,"http-independent-co-uk-batterystats-independent-independent-noads","chrome",1965.8,5656,"noads",-0.0792203142330485,0.265348843723046,0.0441123922489626
293.9652,"http-independent-co-uk-batterystats-independent-independent-noads","chrome",2797.9,6546,"noads",-1.10170517283679,1.0245923925401,0.184394857586466
254.142,"http-independent-co-uk-batterystats-independent-independent-noads","chrome",2531,5016,"noads",-1.44871924540817,0.724891626082159,-0.193846218385278
244.0152,"http-independent-co-uk-batterystats-independent-independent-noads","opera",1199.9,5404,"noads",-1.54565311733158,-0.920316464918705,-0.0255332472823687
408.17088,"http-independent-co-uk-batterystats-independent-independent-noads","opera",1451.9,4620,"noads",-0.319262393016573,-0.458913482692844,-0.377831790892152
441.79632,"http-independent-co-uk-batterystats-independent-independent-noads","opera",1380.2,4588,"noads",-0.130548127686102,-0.637077944491846,-0.387821480464741
329.11488,"http-independent-co-uk-batterystats-independent-independent-noads","opera",1398.8,4648,"noads",-0.832458712241074,-0.603319299671101,-0.353019163274114
251.23752,"http-independent-co-uk-batterystats-independent-independent-noads","opera",1640.9,5476,"noads",-1.47612019031535,-0.0627067779432138,-0.0116050210127303
859.22928,"http-independent-co-uk-batterystats-independent-independent-noanalytics","chrome",2678.6,9035,"noanalytics",1.45517165730134,0.87857891994897,0.659991538619561
860.0256,"http-independent-co-uk-batterystats-independent-independent-noanalytics","chrome",1760.3,9022,"noanalytics",1.45737996965523,0.123322339046612,0.65423104549283
795.67488,"http-independent-co-uk-batterystats-independent-independent-noanalytics","chrome",1556.8,8843,"noanalytics",1.27198260900338,-0.250951183086641,0.614494072405518
814.968,"http-independent-co-uk-batterystats-independent-independent-noanalytics","chrome",2325.1,8171,"noanalytics",1.32909588259613,0.537762910642395,0.464076981802137
873.5364,"http-independent-co-uk-batterystats-independent-independent-noanalytics","chrome",1679.5,8755,"noanalytics",1.49453893372629,-0.0162473795380188,0.586696725427623
666.97488,"http-independent-co-uk-batterystats-independent-independent-noanalytics","opera",1217.3,7483,"noanalytics",0.851376277297099,-0.851585042182344,0.308887103416106
630.00288,"http-independent-co-uk-batterystats-independent-independent-noanalytics","opera",1591.4,8120,"noanalytics",0.715428852965821,-0.184394857586466,0.458913482692844
679.09248,"http-independent-co-uk-batterystats-independent-independent-noanalytics","opera",1416.7,7660,"noanalytics",0.894297736556158,-0.543134737187442,0.34808309750652
714.32856,"http-independent-co-uk-batterystats-independent-independent-noanalytics","opera",1425.3,10142,"noanalytics",1.01488759326819,-0.527065436033742,0.812217801499913
779.27328,"http-independent-co-uk-batterystats-independent-independent-noanalytics","opera",1412.5,8008,"noanalytics",1.22232924118424,-0.548522282698098,0.433275252222885
617.91984,"http-science-org-batterystats-science-science-full","chrome",2561.9,10061,"full",0.669263629378948,0.755415026360469,0.805778858356836
485.2224,"http-science-org-batterystats-science-science-full","chrome",2564.9,9936,"full",0.0929595762563018,0.767822588675739,0.774070859505182
804.94488,"http-science-org-batterystats-science-science-full","chrome",2604.4,10406,"full",1.29959534774922,0.812217801499913,0.885427833849893
569.7432,"http-science-org-batterystats-science-science-full","chrome",2700,10889,"full",0.475757631851188,0.913249926683609,1.01677756045901
482.20632,"http-science-org-batterystats-science-science-full","chrome",5217.4,12804,"full",0.0780955054036005,3.11301726340869,1.8726906799231
570.84768,"http-science-org-batterystats-science-science-full","opera",2265.5,12492,"full",0.480374429462193,0.48485701204345,1.69150318112383
424.43856,"http-science-org-batterystats-science-science-full","opera",2201.2,16956,"full",-0.226097623153182,0.428182139616569,2.77292129460866
390.55104,"http-science-org-batterystats-science-science-full","opera",1714.2,10621,"full",-0.42445588343506,0.0580563997946523,0.94179755677983
614.54592,"http-science-org-batterystats-science-science-full","opera",1648.1,10041,"full",0.656211726357603,-0.0534072768426841,0.799373150774883
414.35856,"http-science-org-batterystats-science-science-full","opera",2719.2,10930,"full",-0.283395256112841,0.94179755677983,1.05649802925668
399.29472,"http-science-org-batterystats-science-science-noads","chrome",4009.8,10779,"noads",-0.371674384453753,2.10622070795391,0.971134147051085
507.13344,"http-science-org-batterystats-science-science-noads","chrome",3387.6,10168,"noads",0.198247527910084,1.67240521506176,0.825197875733766
400.58136,"http-science-org-batterystats-science-science-noads","chrome",3145,10742,"noads",-0.364005242729922,1.41384503483369,0.949055092751712
409.45032,"http-science-org-batterystats-science-science-noads","chrome",3035.4,10376,"noads",-0.311801681578678,1.27629331663219,0.87857891994897
515.85696,"http-science-org-batterystats-science-science-noads","chrome",3543.4,10954,"noads",0.238905274740952,1.75283909932597,1.07286134165
335.70576,"http-science-org-batterystats-science-science-noads","opera",1377.2,10303,"noads",-0.785191000255439,-0.642774594511798,0.844933179293064
373.248,"http-science-org-batterystats-science-science-noads","opera",1355.6,9712,"noads",-0.532482190661764,-0.671578841593754,0.743122683669095
341.84592,"http-science-org-batterystats-science-science-noads","opera",1425,10350,"noads",-0.741983348324507,-0.532406557486753,0.858274800580755
521.0568,"http-science-org-batterystats-science-science-noads","opera",1429.8,10013,"noads",0.262814394239217,-0.516427940352797,0.78665905068543
270.2808,"http-science-org-batterystats-science-science-noads","opera",1493.5,15088,"noads",-1.30194931901925,-0.407918740945035,2.39397979981851
368.24112,"http-science-org-batterystats-science-science-noanalytics","chrome",2889.2,8007,"noanalytics",-0.564676627150091,1.09795939076241,0.428182139616569
315.1386,"http-science-org-batterystats-science-science-noanalytics","chrome",4367,7942,"noanalytics",-0.935904848771995,2.31945514845046,0.412968585979671
361.44468,"http-science-org-batterystats-science-science-noanalytics","chrome",2814.3,6997,"noanalytics",-0.609085518108467,1.04041281996993,0.227068637986835
430.6176,"http-science-org-batterystats-science-science-noanalytics","chrome",2584.6,6354,"noanalytics",-0.191643107779953,0.79300007724277,0.149091438490236
1281.08736,"http-science-org-batterystats-science-science-noanalytics","chrome",2563,7559,"noanalytics",2.40735914488909,0.761604151539962,0.333325107587732
349.3602,"http-science-org-batterystats-science-science-noanalytics","opera",2208.5,7499,"noanalytics",-0.690150091490064,0.438379628835157,0.318639363964375
325.3536,"http-science-org-batterystats-science-science-noanalytics","opera",1400.1,6484,"noanalytics",-0.859859502611563,-0.597760126042478,0.174959940165732
460.48824,"http-science-org-batterystats-science-science-noanalytics","opera",2260.1,6301,"noanalytics",-0.0317645237806101,0.469252883812802,0.137366966074214
640.152,"http-science-org-batterystats-science-science-noanalytics","opera",2135.7,6495,"noanalytics",0.753526119663731,0.392830813649729,0.17967539957961
267.4944,"http-science-org-batterystats-science-science-noanalytics","opera",2405,7482,"noanalytics",-1.32665273326884,0.608897181436491,0.304022025329353
844.44048,"http-scientificamerican-com-batterystats-scientificamerican-scientificamerican-full","chrome",4418,6161,"full",1.41378393395114,2.39397979981851,0.118646333755466
800.04672,"http-scientificamerican-com-batterystats-scientificamerican-scientificamerican-full","chrome",3230.3,4834,"full",1.28504495815775,1.49396340221936,-0.274977748969005
690.93936,"http-scientificamerican-com-batterystats-scientificamerican-scientificamerican-full","chrome",2884.4,4624,"full",0.935526195154809,1.08115172117323,-0.372851112210203
745.0488,"http-scientificamerican-com-batterystats-scientificamerican-scientificamerican-full","chrome",3183.9,5175,"full",1.11526458090737,1.46620446492241,-0.118646333755466
783.4248,"http-scientificamerican-com-batterystats-scientificamerican-scientificamerican-full","chrome",3728.6,5327,"full",1.23499543499598,1.90019596656649,-0.0534072768426841
493.72488,"http-scientificamerican-com-batterystats-scientificamerican-scientificamerican-full","opera",1579.1,4207,"full",0.13437000589318,-0.222308065187877,-0.637077944491846
467.32608,"http-scientificamerican-com-batterystats-scientificamerican-scientificamerican-full","opera",1603.7,4643,"full",0.00337356407111317,-0.151438742677196,-0.362917295139356
843.76512,"http-scientificamerican-com-batterystats-scientificamerican-scientificamerican-full","opera",1636.6,4487,"full",1.41187661587895,-0.0766664576563184,-0.464076981802137
607.20192,"http-scientificamerican-com-batterystats-scientificamerican-scientificamerican-full","opera",1503.5,4267,"full",0.62755219105001,-0.387821480464741,-0.592219364812039
641.31264,"http-scientificamerican-com-batterystats-scientificamerican-scientificamerican-full","opera",1450.1,3966,"full",0.757844331106036,-0.464076981802137,-0.780349497982251
471.76272,"http-scientificamerican-com-batterystats-scientificamerican-scientificamerican-noads","chrome",2774.5,4586,"noads",0.0258984802127161,0.993697068479259,-0.395339173778938
482.1894,"http-scientificamerican-com-batterystats-scientificamerican-scientificamerican-noads","chrome",3369.6,5282,"noads",0.0780118570191334,1.63594140222522,-0.0627067779432138
376.88004,"http-scientificamerican-com-batterystats-scientificamerican-scientificamerican-noads","chrome",3100.2,4833,"noads",-0.509397158691453,1.3769797181483,-0.279801723117456
426.57696,"http-scientificamerican-com-batterystats-scientificamerican-scientificamerican-noads","chrome",3050.3,5333,"noads",-0.21411740883957,1.29754292861655,-0.0487593079736667
715.95432,"http-scientificamerican-com-batterystats-scientificamerican-scientificamerican-noads","chrome",3016.3,4996,"noads",1.02030694904794,1.24545931165828,-0.203314927298569
508.59072,"http-scientificamerican-com-batterystats-scientificamerican-scientificamerican-noads","opera",1766.8,4851,"noads",0.20508790565165,0.132682549333579,-0.270160165313734
434.76264,"http-scientificamerican-com-batterystats-scientificamerican-scientificamerican-noads","opera",1526.6,4283,"noads",-0.168806198843161,-0.333325107587732,-0.575704675100676
480.49056,"http-scientificamerican-com-batterystats-scientificamerican-scientificamerican-noads","opera",1866.8,4725,"noads",0.0695982258928462,0.208056073077933,-0.321082135243233
484.4448,"http-scientificamerican-com-batterystats-scientificamerican-scientificamerican-noads","opera",1742.3,5517,"noads",0.0891362080624604,0.0906410943041526,0.00232095418990167
753.71256,"http-scientificamerican-com-batterystats-scientificamerican-scientificamerican-noads","opera",1511.2,4525,"noads",1.14282537859599,-0.37036424480676,-0.433275252222885
407.484,"http-scientificamerican-com-batterystats-scientificamerican-scientificamerican-noanalytics","chrome",2441.8,3806,"noanalytics",-0.323277403064669,0.648492180592857,-0.865003191593998
461.63808,"http-scientificamerican-com-batterystats-scientificamerican-scientificamerican-noanalytics","chrome",2558.4,3758,"noanalytics",-0.0258194177426979,0.749254703224776,-0.899251867969512
363.6252,"http-scientificamerican-com-batterystats-scientificamerican-scientificamerican-noanalytics","chrome",2586,4173,"noanalytics",-0.594747363004064,0.799373150774883,-0.677406385269592
425.50632,"http-scientificamerican-com-batterystats-scientificamerican-scientificamerican-noanalytics","chrome",3027.1,5350,"noanalytics",-0.220108057652359,1.26588137468199,-0.0441123922489626
425.50632,"http-scientificamerican-com-batterystats-scientificamerican-scientificamerican-noanalytics","chrome",2908.2,4108,"noanalytics",-0.220108057652359,1.13254016686964,-0.749254703224776
730.2078,"http-scientificamerican-com-batterystats-scientificamerican-scientificamerican-noanalytics","opera",1405.5,3769,"noanalytics",1.06729971242271,-0.564781749261431,-0.87857891994897
514.7712,"http-scientificamerican-com-batterystats-scientificamerican-scientificamerican-noanalytics","opera",1575.1,3660,"noanalytics",0.23388248980034,-0.23660535822584,-0.927429261627518
195.0714,"http-scientificamerican-com-batterystats-scientificamerican-scientificamerican-noanalytics","opera",1446,3881,"noanalytics",-2.07931325586471,-0.479642695610339,-0.825197875733766
621.31968,"http-scientificamerican-com-batterystats-scientificamerican-scientificamerican-noanalytics","opera",1525.9,3906,"noanalytics",0.682343912835655,-0.338236217123051,-0.812217801499913
459.6066,"http-scientificamerican-com-batterystats-scientificamerican-scientificamerican-noanalytics","opera",1723.5,3914,"noanalytics",-0.0363329982772633,0.0813228717724496,-0.805778858356836
603.38304,"http-w3schools-com-batterystats-w3schools-w3schools-full","chrome",1596.7,3471,"full",0.61251194320887,-0.170248367898512,-0.993697068479259
770.16096,"http-w3schools-com-batterystats-w3schools-w3schools-full","chrome",3503.2,5266,"full",1.19428950869193,1.73166439612225,-0.0720117052528802
685.58724,"http-w3schools-com-batterystats-w3schools-w3schools-full","chrome",2269,3949,"full",0.91698847288466,0.490084544810971,-0.79300007724277
670.2768,"http-w3schools-com-batterystats-w3schools-w3schools-full","chrome",1981.7,3506,"full",0.863148736624818,0.279801723117456,-0.971134147051085
865.84896,"http-w3schools-com-batterystats-w3schools-w3schools-full","chrome",2083.9,4396,"full",1.47346712203573,0.353019163274114,-0.505848564254806
579.72096,"http-w3schools-com-batterystats-w3schools-w3schools-full","opera",976,3265,"full",0.517144377372918,-1.77483021375867,-1.08115172117323
624.8088,"http-w3schools-com-batterystats-w3schools-w3schools-full","opera",1017.3,3263,"full",0.695693476385165,-1.53789588312821,-1.08951708255962
603.07632,"http-w3schools-com-batterystats-w3schools-w3schools-full","opera",1396.9,4480,"full",0.611299832695448,-0.6201102791199,-0.469252883812802
701.29152,"http-w3schools-com-batterystats-w3schools-w3schools-full","opera",1334,4494,"full",0.970978189921466,-0.700951419584212,-0.458913482692844
564.92136,"http-w3schools-com-batterystats-w3schools-w3schools-full","opera",1055.3,3366,"full",0.455496642336743,-1.3305615131789,-1.04041281996993
239.57856,"http-w3schools-com-batterystats-w3schools-w3schools-noad","chrome",1627.6,4097,"noads",-1.58939478932782,-0.0953031079898535,-0.755415026360469
262.8288,"http-w3schools-com-batterystats-w3schools-w3schools-noad","chrome",1875.3,1515,"noads",-1.36859852528281,0.212801900282685,-2.39397979981851
215.67744,"http-w3schools-com-batterystats-w3schools-w3schools-noad","chrome",2249.2,2558,"noads",-1.83993143731863,0.45376219016988,-1.34189627528955
231.15456,"http-w3schools-com-batterystats-w3schools-w3schools-noad","chrome",1966.5,2325,"noads",-1.67472433926774,0.270160165313734,-1.50828546562336
335.46744,"http-w3schools-com-batterystats-w3schools-w3schools-noad","chrome",2010.5,2088,"noads",-0.786883923938985,0.304022025329353,-1.80951926239399
334.22688,"http-w3schools-com-batterystats-w3schools-w3schools-noad","opera",940.5,1759,"noads",-0.795715803247469,-2.06536065002228,-2.25594502801315
220.35312,"http-w3schools-com-batterystats-w3schools-w3schools-noad","opera",970.3,1880,"noads",-1.78880408099147,-1.79771475351869,-2.20041058121003
217.54584,"http-w3schools-com-batterystats-w3schools-w3schools-noad","opera",1008.6,1519,"noads",-1.8193692389669,-1.60153145335866,-2.31945514845046
223.9488,"http-w3schools-com-batterystats-w3schools-w3schools-noad","opera",1349.6,2503,"noads",-1.75021882972649,-0.677406385269592,-1.3769797181483
208.39104,"http-w3schools-com-batterystats-w3schools-w3schools-noad","opera",967.8,1904,"noads",-1.92185867912507,-1.82158144452777,-2.1509330874603
638.28864,"http-w3schools-com-batterystats-w3schools-w3schools-noanalytics","chrome",3997.1,5891,"noanalytics",0.746577006503932,2.06536065002228,0.0859810498242754
747.58464,"http-w3schools-com-batterystats-w3schools-w3schools-noanalytics","chrome",2729.7,4151,"noanalytics",1.12336452676866,0.949055092751712,-0.706898381869951
596.2896,"http-w3schools-com-batterystats-w3schools-w3schools-noanalytics","chrome",1749.1,3381,"noanalytics",0.584320843988846,0.104633455614075,-1.0245923925401
671.5224,"http-w3schools-com-batterystats-w3schools-w3schools-noanalytics","chrome",1718.9,3607,"noanalytics",0.867574662339719,0.0627067779432138,-0.949055092751712
526.83264,"http-w3schools-com-batterystats-w3schools-w3schools-noanalytics","chrome",1475.7,3148,"noanalytics",0.289093870428802,-0.428182139616569,-1.12376882255426
536.27904,"http-w3schools-com-batterystats-w3schools-w3schools-noanalytics","opera",1546.4,2196,"noanalytics",0.331459289874603,-0.287049950183621,-1.56891963249893
549.39456,"http-w3schools-com-batterystats-w3schools-w3schools-noanalytics","opera",927.3,2953,"noanalytics",0.389058965140498,-2.39397979981851,-1.21576600012519
731.55456,"http-w3schools-com-batterystats-w3schools-w3schools-noanalytics","opera",960.8,3064,"noanalytics",1.07169236198867,-1.8465332589292,-1.16394958215326
367.8048,"http-w3schools-com-batterystats-w3schools-w3schools-noanalytics","opera",1175.6,3499,"noanalytics",-0.567502886848606,-0.986120318603346,-0.986120318603346
202.014,"http-w3schools-com-batterystats-w3schools-w3schools-noanalytics","opera",1696.7,4940,"noanalytics",-1.99594698425173,0.0255332472823687,-0.23183436245301
338.66352,"http-www-britannica-com-batterystats-britannica-britannica-full","chrome",2461.3,10936,"full",-0.764279777180387,0.683257025248282,1.06464405193839
485.082,"http-www-britannica-com-batterystats-britannica-britannica-full","chrome",2488.7,11922,"full",0.0922696993698465,0.695029144741602,1.42657059945551
382.09536,"http-www-britannica-com-batterystats-britannica-britannica-full","chrome",3671.8,12200,"full",-0.476635038746218,1.8465332589292,1.56891963249893
332.25984,"http-www-britannica-com-batterystats-britannica-britannica-full","chrome",2888.6,11955,"full",-0.809787109128897,1.08951708255962,1.43953147093846
501.83136,"http-www-britannica-com-batterystats-britannica-britannica-full","chrome",3330.6,11846,"full",0.173192966036989,1.56891963249893,1.4013443963101
622.251,"http-www-britannica-com-batterystats-britannica-britannica-full","opera",1207.2,11717,"full",0.685914514327917,-0.885427833849893,1.3305615131789
254.19312,"http-www-britannica-com-batterystats-britannica-britannica-full","opera",1133,10370,"full",-1.44823978717899,-1.09795939076241,0.865003191593998
402.25068,"http-www-britannica-com-batterystats-britannica-britannica-full","opera",1115.2,7077,"full",-0.354091729607901,-1.17776855244864,0.23660535822584
127.954944,"http-www-britannica-com-batterystats-britannica-britannica-full","opera",1114.3,10498,"full",-3.08454251507414,-1.18710758925629,0.913249926683609
795.25008,"http-www-britannica-com-batterystats-britannica-britannica-full","opera",1220.2,11027,"full",1.27070955189316,-0.844933179293064,1.08951708255962
261.76176,"http-www-britannica-com-batterystats-britannica-britannica-noads","chrome",2917.1,5899,"noads",-1.37829627739369,1.14139952156726,0.0953031079898535
238.09968,"http-www-britannica-com-batterystats-britannica-britannica-noads","chrome",2930.1,6043,"noads",-1.60415554072091,1.15034938037601,0.113972921245212
271.05408,"http-www-britannica-com-batterystats-britannica-britannica-noads","chrome",3362.8,5746,"noads",-1.29513877968882,1.61849689446641,0.0580563997946523
247.45392,"http-www-britannica-com-batterystats-britannica-britannica-noads","chrome",3078.4,6350,"noads",-1.51229377522284,1.34189627528955,0.142054399120219
218.7324,"http-www-britannica-com-batterystats-britannica-britannica-noads","chrome",2404.5,5232,"noads",-1.80640234182439,0.603319299671101,-0.0859810498242756
329.79024,"http-www-britannica-com-batterystats-britannica-britannica-noads","opera",1065.8,5064,"noads",-0.827571918475085,-1.30839094968963,-0.174959940165732
162.9936,"http-www-britannica-com-batterystats-britannica-britannica-noads","opera",1583.2,5230,"noads",-2.50758078795445,-0.212801900282685,-0.0906410943041526
220.8384,"http-www-britannica-com-batterystats-britannica-britannica-noads","opera",1117.3,4932,"noads",-1.78355994003428,-1.16853112339568,-0.241381745822447
235.59984,"http-www-britannica-com-batterystats-britannica-britannica-noads","opera",1213.5,5661,"noads",-1.62931624747503,-0.865003191593998,0.0487593079736668
240.81228,"http-www-britannica-com-batterystats-britannica-britannica-noads","opera",1032.2,5145,"noads",-1.57715053094743,-1.43953147093846,-0.137366966074214
245.84868,"http-www-britannica-com-batterystats-britannica-britannica-noanalytics","chrome",3078.6,8881,"noanalytics",-1.52780828078184,1.3534061120182,0.625746113747675
465.0048,"http-www-britannica-com-batterystats-britannica-britannica-noanalytics","chrome",2714.6,8712,"noanalytics",-0.00849698386078806,0.93458929107348,0.581191922386159
258.54228,"http-www-britannica-com-batterystats-britannica-britannica-noanalytics","chrome",2540.4,8221,"noanalytics",-1.40779778938475,0.730941616531513,0.474441387788774
271.72368,"http-www-britannica-com-batterystats-britannica-britannica-noanalytics","chrome",2259.7,7774,"noanalytics",-1.2892570632945,0.464076981802137,0.367879665820457
288.3924,"http-www-britannica-com-batterystats-britannica-britannica-noanalytics","chrome",2828.1,8537,"noanalytics",-1.14733069126614,1.04842151668575,0.537762910642395
547.281,"http-www-britannica-com-batterystats-britannica-britannica-noanalytics","opera",1016.8,7366,"noanalytics",0.379870358950844,-1.55322089800153,0.279801723117456
837.04608,"http-www-britannica-com-batterystats-britannica-britannica-noanalytics","opera",1185.6,8097,"noanalytics",1.39281745805747,-0.971134147051085,0.45376219016988
542.7648,"http-www-britannica-com-batterystats-britannica-britannica-noanalytics","opera",1024.5,7671,"noanalytics",0.36011688056034,-1.47994138903519,0.353019163274114
524.43072,"http-www-britannica-com-batterystats-britannica-britannica-noanalytics","opera",1001.2,7326,"noanalytics",0.27820054727679,-1.63594140222522,0.270160165313734
329.62968,"http-www-britannica-com-batterystats-britannica-britannica-noanalytics","opera",1140.9,7726,"noanalytics",-0.828732796834576,-1.08115172117323,0.357963845332562
